timestamp,media_type,permalink,reach,views,total_interactions,saved,shares
2025-02-15T12:03:15+0000,VIDEO,https://www.instagram.com/reel/DGF7PGosIvp/,303,568,40,5,0
2025-02-22T11:58:44+0000,VIDEO,https://www.instagram.com/reel/DGX8OzER3Nk/,293,424,39,3,0
2025-02-28T11:45:18+0000,VIDEO,https://www.instagram.com/reel/DGnXjhiuOlU/,1770,2441,98,9,0
2025-03-09T19:04:35+0000,VIDEO,https://www.instagram.com/reel/DG_UiV0sYkK/,468,621,39,6,0
2025-03-14T15:37:02+0000,VIDEO,https://www.instagram.com/reel/DHLzlcJM2w0/,966,1397,57,7,0
2025-03-15T10:27:12+0000,VIDEO,https://www.instagram.com/reel/DHN3LB5MaXy/,116978,178447,3516,194,20
2025-03-16T15:59:36+0000,VIDEO,https://www.instagram.com/reel/DHRAXEqsPRB/,2454,3108,80,9,0
2025-03-17T18:01:35+0000,CAROUSEL_ALBUM,https://www.instagram.com/p/DHT00j2svJY/,367,776,42,10,1
2025-03-19T07:57:54+0000,VIDEO,https://www.instagram.com/reel/DHX5N3ZswE5/,2738,3789,53,7,1
2025-03-23T13:07:07+0000,VIDEO,https://www.instagram.com/reel/DHivTr7sO3K/,488,781,58,7,1
2025-05-06T10:54:32+0000,VIDEO,https://www.instagram.com/reel/DJTzGJIMWLz/,2888,5017,167,8,0
2025-05-23T09:38:13+0000,VIDEO,https://www.instagram.com/reel/DJ_cXWEMvzK/,1148,1613,58,12,1
2025-05-25T11:46:12+0000,VIDEO,https://www.instagram.com/reel/DKE0H9MMPJB/,974,1537,51,11,2
2025-06-04T17:29:47+0000,VIDEO,https://www.instagram.com/reel/DKfLyUqMIcx/,1691,2281,65,9,1
2025-07-17T17:26:48+0000,VIDEO,https://www.instagram.com/reel/DMN5VNeMi2E/,636,852,59,9,1
2025-07-22T11:39:41+0000,VIDEO,https://www.instagram.com/reel/DMaJ9AbMXk7/,443,539,38,8,0
2025-09-14T12:30:22+0000,VIDEO,https://www.instagram.com/reel/DOlSnOUDJvj/,3197,4248,281,136,76
2025-10-01T06:57:47+0000,CAROUSEL_ALBUM,https://www.instagram.com/p/DPQeP90DICR/,200,1402,30,1,2
2025-10-03T09:00:16+0000,VIDEO,https://www.instagram.com/reel/DPV10zuDKjW/,13727,20091,398,25,30
2025-10-05T18:51:03+0000,VIDEO,https://www.instagram.com/reel/DPcC5d_jLzB/,686,953,38,2,1
2025-10-10T10:12:14+0000,VIDEO,https://www.instagram.com/reel/DPn-sAqjO-C/,1309,1843,40,6,4
2025-10-13T14:26:04+0000,CAROUSEL_ALBUM,https://www.instagram.com/p/DPwLFyfDECV/,420,1913,51,1,0
2025-10-20T07:54:37+0000,VIDEO,https://www.instagram.com/reel/DQBfcRJDEKC/,441,632,28,2,1
2025-10-24T08:55:00+0000,VIDEO,https://www.instagram.com/reel/DQL5i4hjEha/,224,277,11,2,1
2025-12-03T09:00:34+0000,VIDEO,https://www.instagram.com/reel/DRy6E-yDJre/,450,599,29,3,1
2025-12-21T16:30:11+0000,VIDEO,https://www.instagram.com/reel/DSiC99DDJ04/,624,924,59,3,4
2026-02-03T08:03:22+0000,VIDEO,https://www.instagram.com/reel/DUScKmBjKOb/,1723,2113,56,5,1
2026-02-05T20:06:42+0000,CAROUSEL_ALBUM,https://www.instagram.com/p/DUY5fWSiEQ_/,4785,1314,125,7,17
2026-02-09T09:33:46+0000,CAROUSEL_ALBUM,https://www.instagram.com/p/DUiEPIpjCL5/,6492,6175,280,25,76
2026-02-12T11:40:29+0000,CAROUSEL_ALBUM,https://www.instagram.com/p/DUqBHxvjJXg/,271,525,46,8,3
2026-02-13T16:00:00+0000,VIDEO,https://www.instagram.com/reel/DUsvHSyjMWd/,389,612,63,6,2
2026-02-14T08:47:36+0000,VIDEO,https://www.instagram.com/reel/DUu2uJCDAbT/,138,157,2,0,0
2026-02-14T08:49:37+0000,VIDEO,https://www.instagram.com/reel/DUu3Dc8jP73/,120,136,0,0,0
2026-02-14T08:53:41+0000,VIDEO,https://www.instagram.com/reel/DUu3exFDHX4/,148,163,3,0,0
2026-02-16T10:59:42+0000,CAROUSEL_ALBUM,https://www.instagram.com/p/DU0PompjGco/,418,985,63,3,3
2026-02-18T20:24:27+0000,CAROUSEL_ALBUM,https://www.instagram.com/p/DU6Z2psjL2Q/,369,839,35,2,1
2026-02-26T16:54:02+0000,CAROUSEL_ALBUM,https://www.instagram.com/p/DVOoIlmjOgV/,234,504,38,11,0
2026-02-27T08:35:19+0000,VIDEO,https://www.instagram.com/reel/DVQTZA6jIf_/,2765,4429,125,6,38
2026-02-27T09:05:51+0000,CAROUSEL_ALBUM,https://www.instagram.com/p/DVQXWUMjMMk/,9613,1208,84,6,12
2026-02-27T09:25:32+0000,VIDEO,https://www.instagram.com/reel/DVQZg-aDLGD/,284,385,7,0,2
2026-02-27T18:15:24+0000,VIDEO,https://www.instagram.com/reel/DVRWLihjA77/,638,863,51,5,0
2026-02-28T11:42:05+0000,CAROUSEL_ALBUM,https://www.instagram.com/p/DVTOBgKDP0n/,497,1066,61,12,0
2026-03-02T07:37:18+0000,CAROUSEL_ALBUM,https://www.instagram.com/p/DVX7mcHDGGp/,338,713,63,10,4
2026-03-03T11:30:45+0000,CAROUSEL_ALBUM,https://www.instagram.com/p/DVa7HJYjH8V/,538,1161,46,4,13
2026-03-03T15:23:27+0000,VIDEO,https://www.instagram.com/reel/DVbVicujElP/,1134,1456,113,8,7
2026-03-03T17:50:02+0000,CAROUSEL_ALBUM,https://www.instagram.com/p/DVbmhFCiDcR/,4061,3378,244,47,37
2026-03-04T18:26:48+0000,CAROUSEL_ALBUM,https://www.instagram.com/p/DVePhM7jE9A/,299,660,51,8,3
2026-03-05T17:39:52+0000,CAROUSEL_ALBUM,https://www.instagram.com/p/DVgu8W0DNp6/,294,619,33,6,1
2026-03-07T13:26:05+0000,CAROUSEL_ALBUM,https://www.instagram.com/p/DVlbfT7DCxS/,392,815,46,6,5
2026-03-08T12:37:20+0000,CAROUSEL_ALBUM,https://www.instagram.com/p/DVn6tNLjNgv/,264,626,39,8,3
2026-03-09T20:59:31+0000,VIDEO,https://www.instagram.com/reel/DVrX826DKEX/,886,1404,51,1,2
2026-03-10T08:06:10+0000,CAROUSEL_ALBUM,https://www.instagram.com/p/DVslQ6ijGC4/,560,1118,92,11,2
2026-03-10T18:31:31+0000,CAROUSEL_ALBUM,https://www.instagram.com/p/DVts1EpDOa7/,642,1193,79,23,6
2026-03-11T08:12:53+0000,CAROUSEL_ALBUM,https://www.instagram.com/p/DVvK075DCXk/,548,1115,43,3,5
2026-03-12T15:27:42+0000,IMAGE,https://www.instagram.com/p/DVyhUCtjKiY/,548,1018,40,3,2
2026-03-12T18:58:21+0000,CAROUSEL_ALBUM,https://www.instagram.com/p/DVy5fUbDNOX/,1211,2649,163,29,11
2026-03-16T20:15:22+0000,CAROUSEL_ALBUM,https://www.instagram.com/p/DV9Ve48jHbS/,508,1226,55,6,7
2026-03-17T08:28:59+0000,CAROUSEL_ALBUM,https://www.instagram.com/p/DV-pcEejKHA/,6606,8610,198,42,53
2026-03-17T14:19:06+0000,VIDEO,https://www.instagram.com/reel/DV_RIkJDNz-/,1196,1989,12,3,0
2026-03-19T10:14:04+0000,IMAGE,https://www.instagram.com/p/DWD9XRrDAqv/,873,1071,42,5,4
2026-03-23T18:34:10+0000,CAROUSEL_ALBUM,https://www.instagram.com/p/DWPLd4XDEaA/,2332,1623,150,27,14
2026-03-24T18:39:27+0000,CAROUSEL_ALBUM,https://www.instagram.com/p/DWRw3bQDC72/,6212,1751,109,9,27
2026-03-25T09:03:38+0000,CAROUSEL_ALBUM,https://www.instagram.com/p/DWTTw8CjJ4n/,7405,11499,882,237,148
2026-03-26T19:58:52+0000,CAROUSEL_ALBUM,https://www.instagram.com/p/DWXDi0wDE8m/,630,1326,52,15,2
2026-03-27T14:47:23+0000,CAROUSEL_ALBUM,https://www.instagram.com/p/DWZEsVbDGYf/,1223,2445,70,12,7
2026-03-31T08:38:42+0000,CAROUSEL_ALBUM,https://www.instagram.com/p/DWitrf3DNNu/,948,1823,117,23,15
2026-04-01T17:30:53+0000,CAROUSEL_ALBUM,https://www.instagram.com/p/DWmPYPPjKby/,4068,4976,732,230,100
2026-04-02T08:07:54+0000,CAROUSEL_ALBUM,https://www.instagram.com/p/DWnzvoOjJkI/,893,1597,89,15,2
2026-04-24T10:29:37+0000,CAROUSEL_ALBUM,https://www.instagram.com/p/DXgtc8vDJLk/,890,1927,68,3,3
2026-04-24T15:30:00+0000,CAROUSEL_ALBUM,https://www.instagram.com/p/DXhP1CtDFzl/,2017,3681,197,52,17
2026-04-25T11:02:24+0000,CAROUSEL_ALBUM,https://www.instagram.com/p/DXjV_4YjLN_/,9176,11581,1542,571,380
2026-04-27T11:46:51+0000,CAROUSEL_ALBUM,https://www.instagram.com/p/DXokrPOjZld/,785,1665,75,10,11
2026-04-29T12:06:32+0000,IMAGE,https://www.instagram.com/p/DXtwUVJjaHb/,879,1412,51,9,11
2026-04-30T10:59:15+0000,CAROUSEL_ALBUM,https://www.instagram.com/p/DXwNnNGDeo1/,11869,19393,897,192,78
2026-05-03T13:38:08+0000,CAROUSEL_ALBUM,https://www.instagram.com/p/DX4OLfEja7E/,6566,7494,1474,570,332
2026-05-04T14:44:57+0000,CAROUSEL_ALBUM,https://www.instagram.com/p/DX66ntoDe8H/,898,1881,77,15,7
2026-05-06T11:57:37+0000,CAROUSEL_ALBUM,https://www.instagram.com/p/DX_xD9glVGL/,875,2015,88,11,8
2026-05-08T09:26:09+0000,CAROUSEL_ALBUM,https://www.instagram.com/p/DYEpUQGjMkL/,4698,5945,76,14,7
2026-05-10T11:11:28+0000,CAROUSEL_ALBUM,https://www.instagram.com/p/DYJ-9cLDHdP/,5375,10180,732,148,80
2026-05-14T19:51:27+0000,CAROUSEL_ALBUM,https://www.instagram.com/p/DYVNpb7DEsF/,27086,37195,4087,801,233
2026-05-17T09:47:08+0000,CAROUSEL_ALBUM,https://www.instagram.com/p/DYb23zjDL_8/,3340,5035,363,45,26
2026-05-17T12:39:07+0000,CAROUSEL_ALBUM,https://www.instagram.com/p/DYcKji5DHkd/,2003,3852,345,41,11
2026-05-19T06:31:19+0000,CAROUSEL_ALBUM,https://www.instagram.com/p/DYgqDa7CD35/,1516,3474,136,15,12
2026-05-19T10:48:55+0000,CAROUSEL_ALBUM,https://www.instagram.com/p/DYhHiJjiLTS/,12245,18612,1241,362,117
2026-05-20T13:47:39+0000,CAROUSEL_ALBUM,https://www.instagram.com/p/DYkAyB6DMGM/,1171,2312,71,14,5
2026-05-22T09:59:22+0000,CAROUSEL_ALBUM,https://www.instagram.com/p/DYowPxpDAab/,2491,5432,315,79,23
2026-05-26T10:52:40+0000,CAROUSEL_ALBUM,https://www.instagram.com/p/DYzJhqYjGxQ/,30507,48658,2502,290,413
2026-05-26T15:00:01+0000,CAROUSEL_ALBUM,https://www.instagram.com/p/DYzl78VDG_m/,2127,4082,238,38,36
2026-05-27T17:16:02+0000,CAROUSEL_ALBUM,https://www.instagram.com/p/DY2aMgPjGcK/,31152,46776,2646,624,447
2026-05-29T07:01:51+0000,VIDEO,https://www.instagram.com/reel/DY6dUVvsoa7/,1946,2264,36,9,4
2026-05-29T07:04:30+0000,VIDEO,https://www.instagram.com/reel/DY6dtfRs2Ru/,1198,1502,68,14,12
2026-05-29T08:47:25+0000,CAROUSEL_ALBUM,https://www.instagram.com/p/DY6pk6-jLmO/,1539,3358,115,16,9
2026-05-29T13:15:02+0000,IMAGE,https://www.instagram.com/p/DY7INJfjKFS/,3873,5401,277,78,29
2026-05-30T10:05:01+0000,CAROUSEL_ALBUM,https://www.instagram.com/p/DY9djZQjPOB/,10183,15188,794,143,81
2026-06-01T06:56:46+0000,CAROUSEL_ALBUM,https://www.instagram.com/p/DZCLTIBjIv6/,2170,3804,267,50,24
2026-06-02T09:44:35+0000,CAROUSEL_ALBUM,https://www.instagram.com/p/DZFFEqDDKD5/,4626,7513,579,124,38
2026-06-03T13:36:36+0000,VIDEO,https://www.instagram.com/reel/DZICgjlMym6/,4127,5690,481,95,57
2026-06-05T06:46:49+0000,CAROUSEL_ALBUM,https://www.instagram.com/p/DZMdVz0DOun/,9374,16245,1047,343,143
2026-06-05T08:33:33+0000,VIDEO,https://www.instagram.com/reel/DZMpYCZMoNs/,120,127,3,0,0
2026-06-05T10:20:03+0000,CAROUSEL_ALBUM,https://www.instagram.com/p/DZM1vlvDLye/,4597,8355,1056,314,158
2026-06-07T09:21:22+0000,CAROUSEL_ALBUM,https://www.instagram.com/p/DZR4njNDE67/,1695,3895,184,25,23
2026-06-08T16:17:04+0000,CAROUSEL_ALBUM,https://www.instagram.com/p/DZVM_GVjDOv/,1582,2901,159,37,18
2026-06-09T13:30:02+0000,CAROUSEL_ALBUM,https://www.instagram.com/p/DZXXzkVDK8J/,1316,3077,132,25,7
2026-06-11T10:01:55+0000,CAROUSEL_ALBUM,https://www.instagram.com/p/DZcQcC4DMPA/,1935,4265,141,22,19
2026-06-12T14:28:42+0000,CAROUSEL_ALBUM,https://www.instagram.com/p/DZfTw57CBkD/,2240,4840,262,17,6
2026-06-14T15:32:37+0000,CAROUSEL_ALBUM,https://www.instagram.com/p/DZkkqvOjLyR/,1707,4088,132,13,6
2026-06-16T11:05:08+0000,CAROUSEL_ALBUM,https://www.instagram.com/p/DZpPpaPjIxK/,4460,8359,546,124,30
2026-06-17T19:29:51+0000,CAROUSEL_ALBUM,https://www.instagram.com/p/DZsuM50jEsc/,841,1876,72,8,2
2026-06-18T10:36:49+0000,CAROUSEL_ALBUM,https://www.instagram.com/p/DZuV_tWjO_E/,1432,3512,166,26,1
2026-06-19T17:07:07+0000,CAROUSEL_ALBUM,https://www.instagram.com/p/DZxndSzjOUy/,7309,10774,677,109,79
2026-06-20T14:43:25+0000,VIDEO,https://www.instagram.com/reel/DZz7vi3sEjt/,1238,1731,90,12,19
2026-06-21T16:59:32+0000,CAROUSEL_ALBUM,https://www.instagram.com/p/DZ2wLhFDBu-/,4635,7712,387,83,31
2026-06-23T12:27:10+0000,CAROUSEL_ALBUM,https://www.instagram.com/p/DZ7amYUDONe/,2213,4187,171,26,7
2026-06-23T15:21:26+0000,CAROUSEL_ALBUM,https://www.instagram.com/p/DZ7uixvjEmn/,1173,2139,74,13,10
2026-06-24T09:54:50+0000,CAROUSEL_ALBUM,https://www.instagram.com/p/DZ9t9jEDINu/,1702,3316,188,33,18
2026-06-24T15:48:09+0000,CAROUSEL_ALBUM,https://www.instagram.com/p/DZ-WZSyDIyu/,35879,37490,4139,748,261
2026-06-25T14:30:13+0000,VIDEO,https://www.instagram.com/reel/DaAyVzAu4Y2/,1501,1964,130,29,10
2026-06-29T10:23:42+0000,CAROUSEL_ALBUM,https://www.instagram.com/p/DaKpPRYDB8Q/,2049,2991,213,44,15
2026-06-29T19:31:25+0000,CAROUSEL_ALBUM,https://www.instagram.com/p/DaLn68ajDsx/,5303,9310,647,152,100
2026-06-30T10:03:24+0000,CAROUSEL_ALBUM,https://www.instagram.com/p/DaNLtfWDPgi/,3136,6862,426,81,25
2026-07-01T13:26:04+0000,CAROUSEL_ALBUM,https://www.instagram.com/p/DaQHsscCOme/,1565,3080,62,6,1
2026-07-02T14:30:38+0000,CAROUSEL_ALBUM,https://www.instagram.com/p/DaS1joPjJDK/,1895,4288,205,41,8
2026-07-05T15:32:38+0000,CAROUSEL_ALBUM,https://www.instagram.com/p/DaapXPDjIbC/,3391,6682,441,145,35
2026-07-06T15:37:53+0000,CAROUSEL_ALBUM,https://www.instagram.com/p/DadOwj1jJcO/,8342,9095,1192,214,68
2026-07-07T07:43:16+0000,CAROUSEL_ALBUM,https://www.instagram.com/p/Dae9PQ-DMG0/,8892,15999,1582,236,145
2026-07-07T14:57:19+0000,CAROUSEL_ALBUM,https://www.instagram.com/p/Dafu6TfjPmi/,12629,18618,1550,328,85
2026-07-08T18:30:13+0000,CAROUSEL_ALBUM,https://www.instagram.com/p/DaisEkYjE23/,4053,7503,664,113,34
2026-07-09T18:44:53+0000,CAROUSEL_ALBUM,https://www.instagram.com/p/DalSi4EDAyh/,18905,26492,1231,158,157
2026-07-12T10:03:56+0000,CAROUSEL_ALBUM,https://www.instagram.com/p/DasFT8_jBGu/,3589,6698,273,27,6
2026-07-12T20:00:58+0000,CAROUSEL_ALBUM,https://www.instagram.com/p/DatJorgDG2U/,1262,2627,102,7,2
2026-07-15T15:54:25+0000,CAROUSEL_ALBUM,https://www.instagram.com/p/Da0bzhfDO1o/,1586,3905,138,17,4
2026-07-16T15:52:38+0000,CAROUSEL_ALBUM,https://www.instagram.com/p/Da3AZXXDEGg/,3975,7553,438,89,93
2026-07-17T07:43:00+0000,CAROUSEL_ALBUM,https://www.instagram.com/p/Da4tKDQDPQ8/,1725,3298,131,22,17
2026-07-19T09:45:04+0000,VIDEO,https://www.instagram.com/reel/Da-EZq2sJlq/,4891,6654,462,120,51
2026-07-19T14:00:02+0000,CAROUSEL_ALBUM,https://www.instagram.com/p/Da-h66KDAkz/,4607,8769,563,50,48
2026-07-20T10:10:09+0000,CAROUSEL_ALBUM,https://www.instagram.com/p/DbAsYflDEg3/,2768,5392,273,55,16
2026-07-21T08:05:41+0000,CAROUSEL_ALBUM,https://www.instagram.com/p/DbDC7vWjLRG/,25771,33854,3671,512,376
2026-07-23T11:54:07+0000,VIDEO,https://www.instagram.com/reel/DbIl2NesCtE/,2167,3177,231,41,12
2026-07-25T08:28:57+0000,VIDEO,https://www.instagram.com/reel/DbNYo5esRBx/,700,775,26,2,10
2026-07-26T15:05:04+0000,CAROUSEL_ALBUM,https://www.instagram.com/p/DbQq5x1DM5_/,1545,3397,94,8,0
2026-07-27T14:21:02+0000,CAROUSEL_ALBUM,https://www.instagram.com/p/DbTKqHpDLfl/,4291,9969,333,93,31
2026-07-29T11:58:12+0000,CAROUSEL_ALBUM,https://www.instagram.com/p/DbYD5usjOV7/,3996,8252,311,43,47
2026-07-29T14:50:33+0000,VIDEO,https://www.instagram.com/reel/DbYXPqsskJR/,2559,3421,120,18,11
2026-07-30T19:05:39+0000,CAROUSEL_ALBUM,https://www.instagram.com/p/DbbZnTvDLBk/,2155,4826,192,14,9
2026-07-31T12:08:08+0000,VIDEO,https://www.instagram.com/reel/DbdOTx9snaz/,3538,4922,140,20,4
2026-08-01T13:06:52+0000,VIDEO,https://www.instagram.com/reel/Dbf5a1-MIzg/,1779,2197,107,22,4
2026-08-03T12:27:26+0000,CAROUSEL_ALBUM,https://www.instagram.com/p/Dbk_OOXjCfJ/,19285,30821,1843,321,190
2026-08-04T10:03:00+0000,CAROUSEL_ALBUM,https://www.instagram.com/p/Dbp39fuDMaV/,7293,13921,1005,287,102
2026-08-05T07:16:52+0000,CAROUSEL_ALBUM,https://www.instagram.com/p/DbplRN6jMAy/,7208,12471,313,42,75
2026-08-05T10:30:01+0000,CAROUSEL_ALBUM,https://www.instagram.com/p/Dbp7Y-jDCX1/,4046,9068,355,68,20
2026-08-05T17:00:21+0000,CAROUSEL_ALBUM,https://www.instagram.com/p/DbqoCziDOE1/,17248,30303,1535,534,187
2026-08-06T17:07:52+0000,CAROUSEL_ALBUM,https://www.instagram.com/p/DbtNszMDMzh/,21924,35985,2122,774,205
2026-08-07T14:03:26+0000,CAROUSEL_ALBUM,https://www.instagram.com/p/DbvdYxDjOiq/,5848,10643,528,162,59
2026-08-08T07:48:38+0000,CAROUSEL_ALBUM,https://www.instagram.com/p/DbxXSjvDFid/,3461,7188,376,130,36
2026-08-09T10:53:03+0000,CAROUSEL_ALBUM,https://www.instagram.com/p/Db0RMKhCDub/,17508,31918,1598,369,38
2026-08-09T17:34:33+0000,CAROUSEL_ALBUM,https://www.instagram.com/p/Db0_IziDIt3/,55880,85229,3522,955,823
2026-08-10T18:20:42+0000,VIDEO,https://www.instagram.com/reel/Db3o00zMxKu/,2976,4416,121,3,2
2026-08-12T10:47:34+0000,VIDEO,https://www.instagram.com/reel/Db7-W2VMA0t/,9057,12375,959,330,155
2026-08-12T16:51:33+0000,IMAGE,https://www.instagram.com/p/Db8oRLfsmBb/,29365,48569,2284,846,441
2026-08-13T12:13:33+0000,VIDEO,https://www.instagram.com/reel/Db-s_JDMjAW/,2464,2793,106,17,10
2026-08-13T17:33:43+0000,VIDEO,https://www.instagram.com/reel/Db_R-JjMIB-/,1290,1488,52,17,6
2026-08-14T12:44:22+0000,CAROUSEL_ALBUM,https://www.instagram.com/p/DcBV5zfDMbF/,3182,6679,215,42,13
2026-08-16T14:10:01+0000,CAROUSEL_ALBUM,https://www.instagram.com/p/DcGpUK0DBAz/,15391,28471,1255,224,149
2026-08-17T12:01:49+0000,CAROUSEL_ALBUM,https://www.instagram.com/p/DcI_azwjPBD/,65122,104164,6126,1332,1254
2026-08-21T10:05:03+0000,CAROUSEL_ALBUM,https://www.instagram.com/p/DcTFPEVDBY-/,72684,119909,7881,1751,1614
2026-08-22T11:15:27+0000,VIDEO,https://www.instagram.com/reel/DcVxsM8MBwd/,5983,7902,516,108,101
2026-08-23T12:11:35+0000,CAROUSEL_ALBUM,https://www.instagram.com/p/DcYdTpSDIBv/,95951,133612,9355,1709,1009
2026-08-23T15:43:33+0000,CAROUSEL_ALBUM,https://www.instagram.com/p/DcY1kDQDM2I/,3834,8555,361,95,20
2026-08-24T12:07:45+0000,VIDEO,https://www.instagram.com/reel/DcbBiSjsDlc/,142,171,5,0,0
2026-08-24T12:30:27+0000,VIDEO,https://www.instagram.com/reel/DcbENNasIWV/,170,197,6,0,0
2026-08-24T12:31:42+0000,VIDEO,https://www.instagram.com/reel/DcbEWR8MW4r/,153,186,4,1,0
2026-08-25T08:56:01+0000,CAROUSEL_ALBUM,https://www.instagram.com/p/DcdQhAkDFJ3/,6678,13615,1004,294,81
2026-08-26T11:37:18+0000,VIDEO,https://www.instagram.com/reel/DcgHecBMZF2/,1782,2558,106,20,10
2026-08-27T15:52:02+0000,CAROUSEL_ALBUM,https://www.instagram.com/p/DcjJtwgDFmd/,13034,21528,1178,209,133
2026-08-29T12:34:45+0000,CAROUSEL_ALBUM,https://www.instagram.com/p/Dcn8ukPjHO8/,2641,6380,144,46,3
2026-08-30T17:23:03+0000,CAROUSEL_ALBUM,https://www.instagram.com/p/DcrCg_tjN3l/,3900,8591,433,93,55
2026-09-01T12:25:42+0000,VIDEO,https://www.instagram.com/reel/DcvozCGsnPT/,4655,6178,271,77,27
2026-09-02T11:40:38+0000,CAROUSEL_ALBUM,https://www.instagram.com/p/DcyJtnTDAlr/,6112,13565,760,94,258
2026-09-03T15:06:04+0000,VIDEO,https://www.instagram.com/reel/Dc1FYsysmCc/,2518,3286,178,36,7
2026-09-04T08:00:22+0000,CAROUSEL_ALBUM,https://www.instagram.com/p/Dc26GJNDDKl/,8906,16576,1131,311,137
2026-09-04T12:44:42+0000,VIDEO,https://www.instagram.com/reel/Dc28Nn0sI_q/,124,137,3,1,0
2026-09-04T12:44:52+0000,VIDEO,https://www.instagram.com/reel/Dc28dMrM9OS/,126,139,1,0,0
2026-09-04T12:45:02+0000,VIDEO,https://www.instagram.com/reel/Dc275efMsZl/,146,161,3,2,0
2026-09-06T20:08:02+0000,CAROUSEL_ALBUM,https://www.instagram.com/p/Dc9W9fcDPaN/,5155,10322,542,99,40
2026-09-08T09:46:27+0000,CAROUSEL_ALBUM,https://www.instagram.com/p/DdBZaj-DIN0/,43296,71153,5328,822,832
2026-09-10T09:44:13+0000,CAROUSEL_ALBUM,https://www.instagram.com/p/DdGiwB9DHhM/,38690,51684,6335,1297,388
2026-09-10T16:34:34+0000,CAROUSEL_ALBUM,https://www.instagram.com/p/DdHRthADAlo/,8900,16303,1150,242,91
2026-09-10T18:26:04+0000,VIDEO,https://www.instagram.com/reel/DdHeP4rM6q0/,161,173,1,0,0
2026-09-11T09:19:42+0000,VIDEO,https://www.instagram.com/reel/DdJEVmwMZk1/,4307,6235,355,107,35
2026-09-11T12:42:56+0000,CAROUSEL_ALBUM,https://www.instagram.com/p/DdJb_xpDM0F/,16961,30029,2140,442,360
2026-09-11T14:55:09+0000,VIDEO,https://www.instagram.com/reel/DdJqwzSskZw/,371,416,14,2,0
2026-09-12T10:08:40+0000,CAROUSEL_ALBUM,https://www.instagram.com/p/DdLvIy_jG9h/,5897,10780,590,123,32
2026-09-12T17:29:40+0000,CAROUSEL_ALBUM,https://www.instagram.com/p/DdMhm2ejAaC/,23799,38640,1834,496,100
2026-09-13T10:40:58+0000,CAROUSEL_ALBUM,https://www.instagram.com/p/DdOXoS3DMdE/,3827,7980,310,81,34
2026-09-13T16:25:28+0000,CAROUSEL_ALBUM,https://www.instagram.com/p/DdO_DcgDEK9/,8682,13719,1066,240,41
2026-09-14T09:57:56+0000,CAROUSEL_ALBUM,https://www.instagram.com/p/DdQ3gAvjOWR/,8782,17066,1033,263,47
2026-09-15T11:23:33+0000,CAROUSEL_ALBUM,https://www.instagram.com/p/DdTmF4TjAtM/,3122,6518,286,80,12
2026-09-16T14:22:18+0000,CAROUSEL_ALBUM,https://www.instagram.com/p/DdWfWADDMKz/,7622,14732,1110,320,152
2026-09-17T15:36:37+0000,CAROUSEL_ALBUM,https://www.instagram.com/p/DdZMpMLjEHX/,8081,14749,785,158,74
2026-09-18T13:09:34+0000,VIDEO,https://www.instagram.com/reel/DdbfUHtMf6V/,2414,3229,94,8,6
2026-09-19T09:41:06+0000,CAROUSEL_ALBUM,https://www.instagram.com/p/DddtjAXDMnf/,4478,9794,437,66,17
2026-09-20T15:52:03+0000,CAROUSEL_ALBUM,https://www.instagram.com/p/Ddg8y0-jA8f/,14720,27802,2361,1097,236
2026-09-20T17:50:33+0000,VIDEO,https://www.instagram.com/reel/DdhKMmesxnz/,2149,3117,143,11,26
2026-09-21T07:18:23+0000,CAROUSEL_ALBUM,https://www.instagram.com/p/DdimzdmjKtw/,4588,8550,673,100,23
2026-09-21T11:06:49+0000,CAROUSEL_ALBUM,https://www.instagram.com/p/DdjA8myDAjk/,1794,4273,128,19,3
2026-09-22T06:12:28+0000,CAROUSEL_ALBUM,https://www.instagram.com/p/DdlGJ_nDMWM/,8071,14392,1058,211,100
2026-09-22T14:00:32+0000,IMAGE,https://www.instagram.com/p/Ddl4yxpsDSk/,2946,5548,171,27,17
2026-09-22T17:04:40+0000,CAROUSEL_ALBUM,https://www.instagram.com/p/DdmOsayDOHu/,12754,18718,1666,325,124
2026-09-23T15:08:54+0000,CAROUSEL_ALBUM,https://www.instagram.com/p/DdomPZXjAmg/,15256,26255,1280,353,58
2026-09-23T17:29:19+0000,CAROUSEL_ALBUM,https://www.instagram.com/p/Ddo2T1zDBJR/,17299,22217,2429,444,157
2026-09-24T15:32:21+0000,CAROUSEL_ALBUM,https://www.instagram.com/p/DdrNuBsjDDW/,4120,8096,563,140,56
2026-09-24T16:54:15+0000,CAROUSEL_ALBUM,https://www.instagram.com/p/DdrXF6EDCPz/,3854,7720,478,80,31
2026-09-25T16:35:16+0000,CAROUSEL_ALBUM,https://www.instagram.com/p/Ddt5tvUjOx-/,5309,9230,464,82,25
2026-09-26T10:31:53+0000,CAROUSEL_ALBUM,https://www.instagram.com/p/Ddv07HYjHx_/,3900,8594,358,59,20
2026-09-26T11:22:58+0000,CAROUSEL_ALBUM,https://www.instagram.com/p/Ddv6xNYjBXj/,4704,9168,618,113,39
2026-09-26T18:01:23+0000,CAROUSEL_ALBUM,https://www.instagram.com/p/DdwoXYljOiA/,5828,11001,1095,122,93
2026-09-27T15:41:54+0000,VIDEO,https://www.instagram.com/reel/Ddy8vWABvkt/,782,1147,46,9,1
