"Time","barrel jeans Past year","barrel jeans Preceding year"
"2025-10-05",27,11
"2025-10-12",26,11
"2025-10-19",26,11
"2025-10-26",22,11
"2025-11-02",23,10
"2025-11-09",24,10
"2025-11-16",24,10
"2025-11-23",26,9
"2025-11-30",22,11
"2025-12-07",20,10
"2025-12-14",20,12
"2025-12-21",21,9
"2025-12-28",23,10
"2026-01-04",22,13
"2026-01-11",22,11
"2026-01-18",23,11
"2026-01-25",23,13
"2026-02-01",24,13
"2026-02-08",28,13
"2026-02-15",27,13
"2026-02-22",27,13
"2026-03-01",29,15
"2026-03-08",30,15
"2026-03-15",30,15
"2026-03-22",56,16
"2026-03-29",83,16
"2026-04-05",90,16
"2026-04-12",100,15
"2026-04-19",89,15
"2026-04-26",85,15
"2026-05-03",92,15
"2026-05-10",91,14
"2026-05-17",58,13
"2026-05-24",43,13
"2026-05-31",44,13
"2026-06-07",28,12
"2026-06-14",26,11
"2026-06-21",23,11
"2026-06-28",20,10
"2026-07-05",21,9
"2026-07-12",20,11
"2026-07-19",23,11
"2026-07-26",23,13
"2026-08-02",26,16
"2026-08-09",25,19
"2026-08-16",36,20
"2026-08-23",42,22
"2026-08-30",49,25
"2026-09-06",49,24
"2026-09-13",42,25
"2026-09-20",52,23
"2026-09-27",46,24
"2026-10-04",43,24