"Time","skinny jeans Past year","skinny jeans Preceding year"
"2025-10-05",16,16
"2025-10-12",17,15
"2025-10-19",18,15
"2025-10-26",16,15
"2025-11-02",17,15
"2025-11-09",16,14
"2025-11-16",17,15
"2025-11-23",16,15
"2025-11-30",16,17
"2025-12-07",14,16
"2025-12-14",13,15
"2025-12-21",13,14
"2025-12-28",14,13
"2026-01-04",14,16
"2026-01-11",15,14
"2026-01-18",13,15
"2026-01-25",17,15
"2026-02-01",23,19
"2026-02-08",36,16
"2026-02-15",41,15
"2026-02-22",30,15
"2026-03-01",22,15
"2026-03-08",23,14
"2026-03-15",23,13
"2026-03-22",51,14
"2026-03-29",72,14
"2026-04-05",80,14
"2026-04-12",84,14
"2026-04-19",78,13
"2026-04-26",77,13
"2026-05-03",100,12
"2026-05-10",82,12
"2026-05-17",48,12
"2026-05-24",39,12
"2026-05-31",42,12
"2026-06-07",27,13
"2026-06-14",25,12
"2026-06-21",24,10
"2026-06-28",17,11
"2026-07-05",19,10
"2026-07-12",17,11
"2026-07-19",23,13
"2026-07-26",20,13
"2026-08-02",17,13
"2026-08-09",21,13
"2026-08-16",23,13
"2026-08-23",23,14
"2026-08-30",30,15
"2026-09-06",26,16
"2026-09-13",26,16
"2026-09-20",26,14
"2026-09-27",16,15
"2026-10-04",15,17