"query","search interest","increase percent"
"men's jeans",100,"700%"
"black jeans",87,"60%"
"blue jeans",77,"50%"
"men jeans",70,"30%"
"straight jeans",68,"130%"
"jeans men",68,"30%"
"baggy jeans",61,"20%"
"jeans baggy",60,"20%"
"denim jeans",57,"80%"
"levi's jeans",53,"200%"
"new jeans",50,"70%"
"white jeans",49,"70%"
"mens jeans",43,"30%"
"skinny jeans",41,"60%"
"wide leg jeans",39,"40%"
"jeans for women",35,"40%"
"womens jeans",33,"40%"
"jeans levis",31,"10%"
"jeans for men",29,"40%"
"levis",28,"6%"
"bootcut jeans",28,"80%"
"levis jeans",28,"5%"
"straight leg jeans",27,"150%"
"zara jeans",22,"20%"
"zara",22,"8%"
"barrel jeans",21,"120%"
"short jeans",20,"40%"
"jeans shorts",20,"80%"
"flare jeans",19,"20%"
"brown jeans",19,"110%"
"slim fit jeans",18,"140%"
"calvin klein jeans",17,"200%"
"calça jeans",17,"-10%"
"h&m",17,"120%"
"straight fit jeans",17,"180%"
"low rise jeans",17,"30%"
"adidas jeans",16,"150%"
"purple jeans",16,"40%"
"gap jeans",15,"140%"
"levi jeans",15,"3%"
"gap",14,"130%"
"jeans damen",14,"-7%"
"wrangler",13,"10%"
"wrangler jeans",13,"10%"
"cargo jeans",13,"-3%"
"old navy",13,"120%"
"ripped jeans",11,"20%"
"mom jeans",11,"-10%"
"light blue jeans",11,"80%"
"flared jeans",10,"-20%"